CREATE DATABASE  IF NOT EXISTS `for_trainings` /*!40100 DEFAULT CHARACTER SET utf8 */;
USE `for_trainings`;
-- MySQL dump 10.13  Distrib 5.6.23, for Win64 (x86_64)
--
-- Host: localhost    Database: for_trainings
-- ------------------------------------------------------
-- Server version	5.6.24-log

/*!40101 SET @OLD_CHARACTER_SET_CLIENT=@@CHARACTER_SET_CLIENT */;
/*!40101 SET @OLD_CHARACTER_SET_RESULTS=@@CHARACTER_SET_RESULTS */;
/*!40101 SET @OLD_COLLATION_CONNECTION=@@COLLATION_CONNECTION */;
/*!40101 SET NAMES utf8 */;
/*!40103 SET @OLD_TIME_ZONE=@@TIME_ZONE */;
/*!40103 SET TIME_ZONE='+00:00' */;
/*!40014 SET @OLD_UNIQUE_CHECKS=@@UNIQUE_CHECKS, UNIQUE_CHECKS=0 */;
/*!40014 SET @OLD_FOREIGN_KEY_CHECKS=@@FOREIGN_KEY_CHECKS, FOREIGN_KEY_CHECKS=0 */;
/*!40101 SET @OLD_SQL_MODE=@@SQL_MODE, SQL_MODE='NO_AUTO_VALUE_ON_ZERO' */;
/*!40111 SET @OLD_SQL_NOTES=@@SQL_NOTES, SQL_NOTES=0 */;

--
-- Table structure for table `employee`
--

DROP TABLE IF EXISTS `employee`;
/*!40101 SET @saved_cs_client     = @@character_set_client */;
/*!40101 SET character_set_client = utf8 */;
CREATE TABLE `employee` (
  `id` int(11) NOT NULL AUTO_INCREMENT,
  `login` varchar(25) NOT NULL,
  `password` varchar(25) NOT NULL,
  `name` varchar(50) NOT NULL,
  `mail` varchar(25) DEFAULT NULL,
  `phone` varchar(20) DEFAULT NULL,
  PRIMARY KEY (`id`)
) ENGINE=InnoDB AUTO_INCREMENT=4 DEFAULT CHARSET=utf8;
/*!40101 SET character_set_client = @saved_cs_client */;

--
-- Dumping data for table `employee`
--

LOCK TABLES `employee` WRITE;
/*!40000 ALTER TABLE `employee` DISABLE KEYS */;
INSERT INTO `employee` VALUES (1,'admin','1111','Anton Grigoriev','mail@mail.ru','666'),(2,'batman','2222','Bruce Wayne','bat@mail.com','13'),(3,'eng','3333','Spider Man','spidy@mail.by',NULL);
/*!40000 ALTER TABLE `employee` ENABLE KEYS */;
UNLOCK TABLES;

--
-- Table structure for table `employee_role`
--

DROP TABLE IF EXISTS `employee_role`;
/*!40101 SET @saved_cs_client     = @@character_set_client */;
/*!40101 SET character_set_client = utf8 */;
CREATE TABLE `employee_role` (
  `employee_id` int(11) NOT NULL,
  `role_id` int(11) NOT NULL,
  PRIMARY KEY (`employee_id`,`role_id`),
  KEY `fk_role_employee_role_idx` (`role_id`),
  CONSTRAINT `fk_employee_employee_role` FOREIGN KEY (`employee_id`) REFERENCES `employee` (`id`) ON DELETE CASCADE ON UPDATE CASCADE,
  CONSTRAINT `fk_role_employee_role` FOREIGN KEY (`role_id`) REFERENCES `role` (`id`) ON DELETE CASCADE ON UPDATE CASCADE
) ENGINE=InnoDB DEFAULT CHARSET=utf8;
/*!40101 SET character_set_client = @saved_cs_client */;

--
-- Dumping data for table `employee_role`
--

LOCK TABLES `employee_role` WRITE;
/*!40000 ALTER TABLE `employee_role` DISABLE KEYS */;
/*!40000 ALTER TABLE `employee_role` ENABLE KEYS */;
UNLOCK TABLES;

--
-- Table structure for table `feedback`
--

DROP TABLE IF EXISTS `feedback`;
/*!40101 SET @saved_cs_client     = @@character_set_client */;
/*!40101 SET character_set_client = utf8 */;
CREATE TABLE `feedback` (
  `id` int(11) NOT NULL AUTO_INCREMENT,
  `employee_id` int(11) NOT NULL,
  `training_id` int(11) NOT NULL,
  `text` text NOT NULL,
  `add_date` datetime NOT NULL,
  `status` varchar(25) NOT NULL,
  PRIMARY KEY (`id`),
  KEY `fk_employee_recall_idx` (`employee_id`),
  KEY `fk_training_recall_idx` (`training_id`),
  CONSTRAINT `fk_employee_recall` FOREIGN KEY (`employee_id`) REFERENCES `employee` (`id`) ON DELETE CASCADE ON UPDATE CASCADE,
  CONSTRAINT `fk_training_recall` FOREIGN KEY (`training_id`) REFERENCES `training` (`id`) ON DELETE CASCADE ON UPDATE CASCADE
) ENGINE=InnoDB DEFAULT CHARSET=utf8;
/*!40101 SET character_set_client = @saved_cs_client */;

--
-- Dumping data for table `feedback`
--

LOCK TABLES `feedback` WRITE;
/*!40000 ALTER TABLE `feedback` DISABLE KEYS */;
/*!40000 ALTER TABLE `feedback` ENABLE KEYS */;
UNLOCK TABLES;

--
-- Table structure for table `meet`
--

DROP TABLE IF EXISTS `meet`;
/*!40101 SET @saved_cs_client     = @@character_set_client */;
/*!40101 SET character_set_client = utf8 */;
CREATE TABLE `meet` (
  `id` int(11) NOT NULL AUTO_INCREMENT,
  `training_id` int(11) NOT NULL,
  `date` datetime NOT NULL,
  `place` varchar(25) NOT NULL,
  `duration` varchar(25) NOT NULL,
  PRIMARY KEY (`id`),
  KEY `training_id_idx` (`training_id`),
  CONSTRAINT `fk_training_meet` FOREIGN KEY (`training_id`) REFERENCES `training` (`id`) ON DELETE CASCADE ON UPDATE CASCADE
) ENGINE=InnoDB AUTO_INCREMENT=8 DEFAULT CHARSET=utf8;
/*!40101 SET character_set_client = @saved_cs_client */;

--
-- Dumping data for table `meet`
--

LOCK TABLES `meet` WRITE;
/*!40000 ALTER TABLE `meet` DISABLE KEYS */;
INSERT INTO `meet` VALUES (1,1,'2015-08-01 17:55:22','243','2 h.'),(2,1,'2015-08-02 14:55:00','234','1 hour'),(3,1,'2015-08-03 00:00:00','250','1.5'),(4,2,'2015-08-05 00:00:00','4506','33'),(5,2,'2015-08-11 13:44:00','405','45'),(6,3,'2015-05-18 11:12:13','666','69'),(7,3,'2015-07-10 15:15:14','1408','1337');
/*!40000 ALTER TABLE `meet` ENABLE KEYS */;
UNLOCK TABLES;

--
-- Table structure for table `notice`
--

DROP TABLE IF EXISTS `notice`;
/*!40101 SET @saved_cs_client     = @@character_set_client */;
/*!40101 SET character_set_client = utf8 */;
CREATE TABLE `notice` (
  `id` int(11) NOT NULL AUTO_INCREMENT,
  `employee_id` int(11) NOT NULL,
  `training_id` int(11) NOT NULL,
  `text` text NOT NULL,
  `add_date` datetime NOT NULL,
  PRIMARY KEY (`id`),
  KEY `fk_employee_notice_idx` (`employee_id`),
  KEY `fk_training_notice_idx` (`training_id`),
  CONSTRAINT `fk_employee_notice` FOREIGN KEY (`employee_id`) REFERENCES `employee` (`id`) ON DELETE CASCADE ON UPDATE CASCADE,
  CONSTRAINT `fk_training_notice` FOREIGN KEY (`training_id`) REFERENCES `training` (`id`) ON DELETE CASCADE ON UPDATE CASCADE
) ENGINE=InnoDB DEFAULT CHARSET=utf8;
/*!40101 SET character_set_client = @saved_cs_client */;

--
-- Dumping data for table `notice`
--

LOCK TABLES `notice` WRITE;
/*!40000 ALTER TABLE `notice` DISABLE KEYS */;
/*!40000 ALTER TABLE `notice` ENABLE KEYS */;
UNLOCK TABLES;

--
-- Table structure for table `participant`
--

DROP TABLE IF EXISTS `participant`;
/*!40101 SET @saved_cs_client     = @@character_set_client */;
/*!40101 SET character_set_client = utf8 */;
CREATE TABLE `participant` (
  `employee_id` int(11) NOT NULL,
  `meet_id` int(11) NOT NULL,
  `absent` tinyint(4) NOT NULL,
  `reason` text NOT NULL,
  PRIMARY KEY (`employee_id`,`meet_id`),
  KEY `meet_id_idx` (`meet_id`),
  CONSTRAINT `fk_employee_participant` FOREIGN KEY (`employee_id`) REFERENCES `employee` (`id`) ON DELETE CASCADE ON UPDATE CASCADE,
  CONSTRAINT `fk_meet_participant` FOREIGN KEY (`meet_id`) REFERENCES `meet` (`id`) ON DELETE CASCADE ON UPDATE CASCADE
) ENGINE=InnoDB DEFAULT CHARSET=utf8;
/*!40101 SET character_set_client = @saved_cs_client */;

--
-- Dumping data for table `participant`
--

LOCK TABLES `participant` WRITE;
/*!40000 ALTER TABLE `participant` DISABLE KEYS */;
/*!40000 ALTER TABLE `participant` ENABLE KEYS */;
UNLOCK TABLES;

--
-- Table structure for table `role`
--

DROP TABLE IF EXISTS `role`;
/*!40101 SET @saved_cs_client     = @@character_set_client */;
/*!40101 SET character_set_client = utf8 */;
CREATE TABLE `role` (
  `id` int(11) NOT NULL AUTO_INCREMENT,
  `name` varchar(45) NOT NULL,
  PRIMARY KEY (`id`)
) ENGINE=InnoDB DEFAULT CHARSET=utf8;
/*!40101 SET character_set_client = @saved_cs_client */;

--
-- Dumping data for table `role`
--

LOCK TABLES `role` WRITE;
/*!40000 ALTER TABLE `role` DISABLE KEYS */;
/*!40000 ALTER TABLE `role` ENABLE KEYS */;
UNLOCK TABLES;

--
-- Table structure for table `subscribe`
--

DROP TABLE IF EXISTS `subscribe`;
/*!40101 SET @saved_cs_client     = @@character_set_client */;
/*!40101 SET character_set_client = utf8 */;
CREATE TABLE `subscribe` (
  `id` int(11) NOT NULL AUTO_INCREMENT,
  `employee_id` int(11) NOT NULL,
  `training_id` int(11) NOT NULL,
  `status` varchar(15) NOT NULL,
  `add_date` datetime NOT NULL,
  PRIMARY KEY (`id`),
  KEY `fk_employee_subscribe_idx` (`employee_id`),
  KEY `fk_training_subscribe_idx` (`training_id`),
  CONSTRAINT `fk_employee_subscribe` FOREIGN KEY (`employee_id`) REFERENCES `employee` (`id`) ON DELETE CASCADE ON UPDATE CASCADE,
  CONSTRAINT `fk_training_subscribe` FOREIGN KEY (`training_id`) REFERENCES `training` (`id`) ON DELETE CASCADE ON UPDATE CASCADE
) ENGINE=InnoDB AUTO_INCREMENT=4 DEFAULT CHARSET=utf8;
/*!40101 SET character_set_client = @saved_cs_client */;

--
-- Dumping data for table `subscribe`
--

LOCK TABLES `subscribe` WRITE;
/*!40000 ALTER TABLE `subscribe` DISABLE KEYS */;
INSERT INTO `subscribe` VALUES (1,1,2,'yes','2015-07-15 16:44:35'),(2,2,1,'yes','2015-07-14 16:44:35'),(3,1,3,'yes','2015-05-15 12:12:13');
/*!40000 ALTER TABLE `subscribe` ENABLE KEYS */;
UNLOCK TABLES;

--
-- Table structure for table `training`
--

DROP TABLE IF EXISTS `training`;
/*!40101 SET @saved_cs_client     = @@character_set_client */;
/*!40101 SET character_set_client = utf8 */;
CREATE TABLE `training` (
  `id` int(11) NOT NULL AUTO_INCREMENT,
  `trainer_id` int(11) NOT NULL,
  `name` varchar(50) NOT NULL,
  `annotation` varchar(120) NOT NULL,
  `description` text NOT NULL,
  `traget` varchar(45) NOT NULL,
  `paid` tinyint(4) NOT NULL,
  PRIMARY KEY (`id`),
  KEY `trainer_id_idx` (`trainer_id`),
  CONSTRAINT `fk_employee_training` FOREIGN KEY (`trainer_id`) REFERENCES `employee` (`id`) ON DELETE CASCADE ON UPDATE CASCADE
) ENGINE=InnoDB AUTO_INCREMENT=4 DEFAULT CHARSET=utf8;
/*!40101 SET character_set_client = @saved_cs_client */;

--
-- Dumping data for table `training`
--

LOCK TABLES `training` WRITE;
/*!40000 ALTER TABLE `training` DISABLE KEYS */;
INSERT INTO `training` VALUES (1,1,'Inglish','London is the capital of America.','Just englesh.','Allbody',1),(2,2,'A','B','C','D',0),(3,3,'Wazap nigga','ACAB','I don\'t know','every people',0);
/*!40000 ALTER TABLE `training` ENABLE KEYS */;
UNLOCK TABLES;
/*!40103 SET TIME_ZONE=@OLD_TIME_ZONE */;

/*!40101 SET SQL_MODE=@OLD_SQL_MODE */;
/*!40014 SET FOREIGN_KEY_CHECKS=@OLD_FOREIGN_KEY_CHECKS */;
/*!40014 SET UNIQUE_CHECKS=@OLD_UNIQUE_CHECKS */;
/*!40101 SET CHARACTER_SET_CLIENT=@OLD_CHARACTER_SET_CLIENT */;
/*!40101 SET CHARACTER_SET_RESULTS=@OLD_CHARACTER_SET_RESULTS */;
/*!40101 SET COLLATION_CONNECTION=@OLD_COLLATION_CONNECTION */;
/*!40111 SET SQL_NOTES=@OLD_SQL_NOTES */;

-- Dump completed on 2015-07-13 16:50:08
